{"train_accuracy": [0.06292808219178082, 0.12200342465753425, 0.1853595890410959, 0.22003424657534246, 0.2632705479452055, 0.2795376712328767, 0.3137842465753425, 0.3223458904109589, 0.3497431506849315, 0.3694349315068493], "test_accuracy": [0.12600806451612903, 0.1774193548387097, 0.21774193548387097, 0.22379032258064516, 0.24294354838709678, 0.24596774193548387, 0.24899193548387097, 0.2540322580645161, 0.24899193548387097, 0.2590725806451613], "train_loss": [2.9262466430664062, 2.5674004554748535, 2.207307815551758, 1.8983091115951538, 1.6517668962478638, 1.470288872718811, 1.255074381828308, 1.1963526010513306, 1.0274090766906738, 0.8574726581573486], "test_loss": [2.6461503505706787, 2.371364116668701, 2.1485636234283447, 2.008592128753662, 1.8952689170837402, 1.8237401247024536, 1.81755793094635, 1.7376676797866821, 1.7276926040649414, 1.7230993509292603]}