{"train_accuracy": [0.1264069264069264, 0.24588744588744588, 0.3385281385281385, 0.4121212121212121, 0.4779220779220779, 0.5316017316017316, 0.5705627705627706, 0.6242424242424243, 0.6761904761904762, 0.6961038961038961, 0.729004329004329, 0.7731601731601732, 0.8017316017316017, 0.8242424242424242, 0.8277056277056277, 0.858008658008658], "test_accuracy": [0.2056451612903226, 0.3387096774193548, 0.39919354838709675, 0.4254032258064516, 0.4576612903225806, 0.4536290322580645, 0.48185483870967744, 0.5080645161290323, 0.5161290322580645, 0.5060483870967742, 0.5282258064516129, 0.5262096774193549, 0.5100806451612904, 0.5060483870967742, 0.5181451612903226, 0.5181451612903226], "train_loss": [2.890169143676758, 2.5655629634857178, 2.2547385692596436, 1.9970849752426147, 1.8070573806762695, 1.6450413465499878, 1.467337965965271, 1.2702206373214722, 1.1796767711639404, 1.0871517658233643, 0.9536935687065125, 0.8291469216346741, 0.7283716201782227, 0.6845836043357849, 0.6105760931968689, 0.5260691046714783], "test_loss": [2.745378255844116, 2.428309202194214, 2.1305315494537354, 2.054295778274536, 1.9324655532836914, 1.8498510122299194, 1.769341230392456, 1.7409509420394897, 1.7012232542037964, 1.6232595443725586, 1.595286250114441, 1.624489188194275, 1.6344122886657715, 1.6568220853805542, 1.6415477991104126, 1.576357364654541]}