{"train_accuracy": [0.09543918918918919, 0.20354729729729729, 0.30067567567567566, 0.3547297297297297, 0.4501689189189189, 0.47635135135135137, 0.5447635135135135, 0.5853040540540541, 0.6140202702702703, 0.668918918918919], "test_accuracy": [0.197265625, 0.291015625, 0.337890625, 0.40625, 0.396484375, 0.42578125, 0.451171875, 0.462890625, 0.482421875, 0.474609375], "train_loss": [2.941242218017578, 2.6758060455322266, 2.3523762226104736, 2.1281704902648926, 1.863537311553955, 1.7066000699996948, 1.4990313053131104, 1.3567737340927124, 1.260957956314087, 1.083998441696167], "test_loss": [2.81544828414917, 2.540863275527954, 2.364299774169922, 2.1545114517211914, 2.0947353839874268, 1.9738812446594238, 1.8908878564834595, 1.8235962390899658, 1.7659164667129517, 1.7700201272964478]}