{"train_accuracy": [0.3375, 0.71875, 0.86875, 1.1375, 1.378125, 1.521875, 1.6875, 1.828125, 2.021875, 2.15625], "test_accuracy": [0.203125, 0.21875, 0.46875, 0.859375, 1.140625, 1.296875, 1.546875, 1.75, 1.9453125, 1.9296875], "train_loss": [2.9504809379577637, 2.687263011932373, 2.455392599105835, 2.264450788497925, 2.1113295555114746, 1.8675041198730469, 1.7834335565567017, 1.6113083362579346, 1.4749258756637573, 1.378013253211975], "test_loss": [2.9900951385498047, 2.9624671936035156, 2.841308832168579, 2.6789169311523438, 2.516854763031006, 2.383941173553467, 2.2617809772491455, 2.1270880699157715, 2.0583221912384033, 1.993492603302002]}