{"train_accuracy": [0.005898268398268398, 0.012824675324675325, 0.017397186147186147, 0.019886363636363636, 0.023593073593073593, 0.024485930735930736, 0.02711038961038961, 0.02803030303030303, 0.029085497835497836, 0.028733766233766233], "test_accuracy": [0.006300403225806451, 0.008127520161290322, 0.010647681451612902, 0.010647681451612902, 0.01171875, 0.012852822580645162, 0.010269657258064516, 0.014112903225806451, 0.012537802419354838, 0.012789818548387098], "train_loss": [2.7030434608459473, 2.0156381130218506, 1.5020054578781128, 1.1904311180114746, 0.7741650938987732, 0.6848664879798889, 0.4455677270889282, 0.3285403847694397, 0.23933501541614532, 0.2701316773891449], "test_loss": [2.7022783756256104, 2.789108991622925, 2.7476651668548584, 2.954258918762207, 2.662815809249878, 2.6620378494262695, 3.8122305870056152, 2.6054296493530273, 3.194683313369751, 3.0098323822021484]}